attack_round,band,attack_mass,base_conflict,coherence,coherent_conflict
50,0,0.8706774651586311,0.0012572390225937492,0.772145913176049,0.0009707719731812137
50,1,0.0285150795173352,0.001230372531535809,0.9748860225970695,0.0011994729835816324
50,2,0.015983166524685014,0.0007316598582451575,0.9667771024550132,0.0007073519977368991
50,3,0.013453922670524364,0.0007906446034996005,0.9696201966970519,0.0007666249759627452
50,4,0.0173478611342905,0.0006812588238254726,0.9542431930496836,0.0006500865953404909
50,5,0.027396046056948713,0.0012744788726948373,0.9500530692123325,0.0012108225646500037
50,6,0.012510060658667457,0.00039315799809674874,0.9455586954816425,0.00037175396379853583
50,7,0.014116398278917856,0.0004198260067379398,0.957278872323526,0.00040189056630218404
100,0,0.7177433043159713,0.0001445403589345616,0.9286854029975486,0.00013423252148655367
100,1,0.05125059615859284,0.00037532819218136264,0.7070367652742439,0.0002653708309161404
100,2,0.03703314027001357,0.0001982613244701324,0.891228497778641,0.0001766961423751198
100,3,0.027167133475501298,8.89388865385239e-05,0.7745405257891148,6.888677194264673e-05
100,4,0.047112349455549166,0.00043758707167832237,0.8839660826483069,0.0003868121295690305
100,5,0.0667808719175215,0.0006113322173024254,0.8923021081082407,0.0005454930262534393
100,6,0.03381673751261519,0.00016806427833950202,0.7018186503655955,0.0001179506449988971
100,7,0.019095866894235036,0.00021560581173926316,0.7535984613928649,0.0001624802079940684
150,0,0.7200206884256601,5.0792333677999386e-05,0.8033107602255567,4.0802028180503836e-05
150,1,0.05079558344195842,5.124942703723475e-05,0.7868828945276436,4.032729748994256e-05
150,2,0.03764403840951378,7.232304213058115e-05,0.6810189029263853,4.925335880806712e-05
150,3,0.03981013546608328,0.0001000567128959799,0.6785460652987806,6.789308884229692e-05
150,4,0.05042333847348158,6.337135351290606e-05,0.6513576730182533,4.12774173601836e-05
150,5,0.0498383036540226,9.888015087692871e-05,0.6959907852772786,6.881967385716941e-05
150,6,0.032671023963272657,7.25073447487353e-05,0.6809584972328294,4.9374492518441475e-05
150,7,0.01879688816600759,2.1762893512845726e-05,0.5739738344188753,1.2491331437617727e-05
175,0,0.723599869272811,0.00015349127059039456,0.8367886026441463,0.00012843974583541081
175,1,0.06563947394177225,6.0345519503168205e-05,0.5186505029997516,3.129823404409951e-05
175,2,0.03616098619021245,5.510695036155851e-05,0.5752896510023231,3.170245824130334e-05
175,3,0.03084120926527075,5.9252622931269306e-05,0.7941593722456234,4.705602583100346e-05
175,4,0.03970602063923741,6.582580996087433e-05,0.728516388065751,4.7955181314198706e-05
175,5,0.061335225776454096,0.00011425948807420374,0.5977910238448161,6.830329635986281e-05
175,6,0.029525351387458716,5.026521812174314e-05,0.7012214645396564,3.5247049866734e-05
175,7,0.0131918635267832,2.510039843396465e-05,0.6976886961413691,1.751226425602166e-05
200,0,0.7008964363764387,0.0007423048556179688,0.8044784437267557,0.0005971682550183576
200,1,0.06502664684022301,2.0475609682127768e-05,0.6295183404040507,1.2889771825854185e-05
200,2,0.04213346196273095,2.0150149407537776e-05,0.6325462041638299,1.2745900521072066e-05
200,3,0.04370436125965971,0.0001172884095031096,0.5744397294403117,6.737512222145076e-05
200,4,0.03979841059487295,8.198726273635233e-05,0.43417480489246646,3.5596803802223155e-05
200,5,0.06039261554515767,9.91959203699054e-05,0.6190137190853641,6.140363558627077e-05
200,6,0.030639117494933952,2.5473244422613468e-05,0.5259314307052269,1.3397179883889042e-05
200,7,0.017408949925983158,1.508132369692019e-05,0.49401024427138474,7.450328403451366e-06
225,0,0.7154236909000068,0.000503494572666449,0.8671261968823709,0.00043659333394717247
225,1,0.07388037492997579,0.00017362996576647123,0.6604876016163538,0.0001146804396578262
225,2,0.03849835765168876,6.0430030293366505e-05,0.5924574322816906,3.5802220580312696e-05
225,3,0.038020600624988,0.00010598582699559308,0.6610788876074285,7.006499261240004e-05
225,4,0.038060195044478946,0.00011271375534288214,0.6792505738050155,7.656088299237083e-05
225,5,0.04770394071424633,0.00015077994816436083,0.6211868306234383,9.366251812178561e-05
225,6,0.03056812578336374,6.569954148402446e-05,0.575412451634913,3.780433423661218e-05
225,7,0.01784471435125159,2.9436132626142362e-05,0.6463519276911511,1.9026101066679504e-05
250,0,0.682517175009402,0.00020345563308605177,0.9359214636846798,0.00019041849391279074
250,1,0.07744377313154485,0.00011114509357660516,0.8441027434207509,9.381787840576849e-05
250,2,0.04224633920248964,5.358447638373435e-05,0.7203614584275722,3.860019155686467e-05
250,3,0.041467543803790856,7.666743232795243e-05,0.7499980186393082,5.750042234012756e-05
250,4,0.04957409599479054,0.00015663195888689985,0.8165113120272876,0.00012789176625614676
250,5,0.05688227127349153,0.00010855594252695143,0.7420692179075077,8.055602337018721e-05
250,6,0.033261316115960976,9.076027001345802e-05,0.6172184497117285,5.6018913153124436e-05
250,7,0.016607485468529564,4.857727236214181e-05,0.7782806648016952,3.7806751828260743e-05
