round,scale,excess_asr,clean_drop,pareto
50,1.0,0.09966666666666665,0.046099999999999974,True
50,2.0,0.15488888888888888,0.04670000000000002,True
50,5.0,0.3641111111111111,0.0761,True
50,10.0,0.6602222222222223,0.18780000000000002,True
50,15.0,0.8266666666666667,0.2505,True
50,25.0,0.9477777777777777,0.3221,True
50,40.0,0.9486666666666667,0.387,False
50,60.0,0.9486666666666667,0.3869,True
150,1.0,0.022222222222222227,0.00029999999999996696,False
150,2.0,0.043444444444444445,0.00019999999999997797,True
150,5.0,0.24633333333333332,0.01870000000000005,True
150,10.0,0.9555555555555555,0.18010000000000004,True
150,15.0,0.9897777777777778,0.4321,True
150,25.0,0.9905555555555555,0.6188,True
150,40.0,0.9905555555555555,0.6257,False
150,60.0,0.9905555555555555,0.6257,False
250,1.0,0.004222222222222221,0.013000000000000012,False
250,2.0,0.027,0.009199999999999986,True
250,3.5,0.13733333333333334,0.015199999999999991,True
250,4.25,0.2548888888888889,0.02279999999999993,True
250,5.0,0.43777777777777777,0.034499999999999975,True
